<?xml version="1.0"?>

<valgrindoutput>

<protocolversion>4</protocolversion>
<protocoltool>memcheck</protocoltool>

<preamble>
  <line>Memcheck, a memory error detector</line>
  <line>Copyright (C) 2002-2017, and GNU GPL'd, by Julian Seward et al.</line>
  <line>Using Valgrind-3.15.0 and LibVEX; rerun with -h for copyright info</line>
  <line>Command: /home/mahmoud/CCSDS/CCSDS_Packet_Protocol v3/bin/Debug/CCSDS_packet</line>
</preamble>

<pid>3736</pid>
<ppid>2229</ppid>
<tool>memcheck</tool>

<args>
  <vargv>
    <exe>/usr/bin/valgrind.bin</exe>
    <arg>--leak-check=full</arg>
    <arg>--track-origins=yes</arg>
    <arg>--xml=yes</arg>
    <arg>--xml-file=/home/mahmoud/CCSDS/CCSDS_Packet_Protocol v3/ValgrindOut.xml</arg>
  </vargv>
  <argv>
    <exe>/home/mahmoud/CCSDS/CCSDS_Packet_Protocol v3/bin/Debug/CCSDS_packet</exe>
  </argv>
</args>

<status>
  <state>RUNNING</state>
  <time>00:00:00:00.419 </time>
</status>


<status>
  <state>FINISHED</state>
  <time>00:00:00:02.526 </time>
</status>

<errorcounts>
</errorcounts>

<suppcounts>
</suppcounts>

</valgrindoutput>

