<?xml version="1.0"?>

<valgrindoutput>

<protocolversion>4</protocolversion>
<protocoltool>memcheck</protocoltool>

<preamble>
  <line>Memcheck, a memory error detector</line>
  <line>Copyright (C) 2002-2017, and GNU GPL'd, by Julian Seward et al.</line>
  <line>Using Valgrind-3.15.0 and LibVEX; rerun with -h for copyright info</line>
  <line>Command: /home/mahmoud/Kiss_protocol/bin/Debug/Kiss_protocol</line>
</preamble>

<pid>3441</pid>
<ppid>2444</ppid>
<tool>memcheck</tool>

<args>
  <vargv>
    <exe>/usr/bin/valgrind.bin</exe>
    <arg>--leak-check=full</arg>
    <arg>--track-origins=yes</arg>
    <arg>--xml=yes</arg>
    <arg>--xml-file=/home/mahmoud/Kiss_protocol/ValgrindOut.xml</arg>
  </vargv>
  <argv>
    <exe>/home/mahmoud/Kiss_protocol/bin/Debug/Kiss_protocol</exe>
  </argv>
</args>

<status>
  <state>RUNNING</state>
  <time>00:00:00:00.839 </time>
</status>


<status>
  <state>FINISHED</state>
  <time>00:00:00:05.015 </time>
</status>

<errorcounts>
</errorcounts>

<suppcounts>
</suppcounts>

</valgrindoutput>

